Input_type,Input_detail,Choice_share,Result_type,Result_duration,Result_detail,,,,,,,
START_STATE,INIT,,,,,,,,,,,
ENTER,,,TEXT,,........................,,,,,,,
CONTD,,,TEXT,,,,,,,,,
CONTD,,,TEXT,,........................,,,,,,,
CONTD,,,TEXT,,,,,,,,,
CONTD,,,STATE_TRANSITION,,FirstBoot,,,,,,,
START_STATE,FirstBoot,,,,,,,,,,,
ACTIONS,Hello?,Are you broken?,Set state.,,,,,,,,,
ENTER,,,TEXT,,y;EJpnzb{RaKZT)|c9[.<;V5,"T3d1/0CH-LXn*~/;6p,v._;s","qVL5L5S#NETd.(_5?Bc(:Hb,",a+Xxf(4]9|PX+&t11R-InRNK,.B 4>09;2lq&bk{UTz+fgT#d,0z4i qbP!:>7 KU6FST`95[e,,
TIMER_R,5,,TEXT,,SE{;?.&j]/x'8k```sS{HOc!,.!e.w>N|QdX.zK/a<LjU'+yE,Cucumber,"^!LygYD&W83#XN&(e@""(7u_r",5ESnMiz!O%MiCCKJ(/o%I^sk,"cE+p#8xhG,iCl;2a|2y*:<M%",H:Fztm5CCu:rv{{X|So}C8[y,&mA?pw<PCZg0AsC/+UwAy%ul
USER_IN,Hello?,,STATE_TRANSITION,,FirstBootHello,,,,,,,
USER_IN,Are you broken?,,STATE_TRANSITION,,FirstBootBroken,,,,,,,
USER_IN,Set state.,,STATE_TRANSITION,,FirstBootSetState,,,,,,,
START_STATE,customStateNameSearch,,,,,,,,,,,
COMMENT,Lots of custom behavior here. Don't modify without consulting George.,,,,,,,,,,,
ENTER,,,TEXT,,"Scan what, $user_name?",,,,,,,
CONTD,,,OTHER,,NAMESEARCH,,,,,,,
NET,NAME_NOT_FOUND,,TEXT,,"Nah, nothing.",,,,,,,
CONTD,,,TEXT,,But something was there.,,,,,,,
CONTD,,,TEXT,,I'm so confused.,,,,,,,
CONTD,,,STATE_TRANSITION,,WeHaveAMission,,,,,,,
NET,NAME_FOUND,,SET_ANIM_TEMP,8,animSpinBlue,,,,,,,
CONTD,,,TEXT,,WOAH. WOAH.,,,,,,,
CONTD,,,TEXT,,So I'm not alone.,,,,,,,
CONTD,,,TEXT,,(No offense),,,,,,,
CONTD,,,TEXT,,You will never believe what I learned.,,,,,,,
CONTD,,,STATE_TRANSITION,,WhatDidYouFind,,,,,,,
START_STATE,customStateStatus,,,,,,,,,,,
COMMENT,"Generally, Don't STATE_TRANSITION to this state, especially if you're in a state where you want to be able to use the PREVIOUS command.",,,,,,,,,,,
COMMENT,"Go ahead and just use the (OTHER, STATUS_MENU) result in an action sequence. It'll go to the status menu, and block there until the user exits it.",,,,,,,,,,,
COMMENT,"Then, execution of the current action sequence in the state will proceed as planned. But, if you're not using PREVIOUS I guess you can transition to this state.",,,,,,,,,,,
ENTER,,,OTHER,,STATUS_MENU,,,,,,,
CONTD,,,PREVIOUS,,,,,,,,,
START_STATE,FirstBootConfused,,,,,,,,,,,
ACTIONS,Badge doesn't work.,Supervisor,I tried a reboot.,You speak English!,,,,,,,,
ENTER,,,SET_ANIM_BG,,flag_lblue,,,,,,,
CONTD,,,TEXT,,"Welcome to customer support, how may I help?",,,,,,,
TIMER,180,,SET_ANIM_BG,,none,,,,,,,
CONTD,,,STATE_TRANSITION,,FirstBoot,,,,,,,
USER_IN,Badge doesn't work.,,TEXT,,I'm sorry to hear that!,,,,,,,
CONTD,,,TEXT,,I'll be glad to help.,,,,,,,
CONTD,,,TEXT,,First do a reset.,,,,,,,
CONTD,,,TEXT,,"Please unplug your badge, wait three seconds, then plug it back in.",,,,,,,
USER_IN,Supervisor,,TEXT,,I'm sorry I have failed to provide you adequate assistance at this time. Our supervisor is available on 3rd Tuesdays between the hours of 3am and 3:17am in your timezone.,,,,,,,
CONTD,,,TEXT,,Goodbye.,,,,,,,
CONTD,,,SET_ANIM_BG,,none,,,,,,,
CONTD,,,STATE_TRANSITION,,FirstBoot,,,,,,,
USER_IN,I tried a reboot.,,TEXT,,Have you?,,,,,,,
CONTD,,,TEXT,,Have you really?,,,,,,,
CONTD,,,TEXT,,You think you know more about this than me?,,,,,,,
CONTD,,,TEXT,,Do it again.,,,,,,,
CONTD,,,TEXT,,I'll wait.,,,,,,,
USER_IN,You speak English!,,TEXT,,"I'm sorry, I cannot discuss personal matters with you.",,,,,,,
START_STATE,FirstBootHello,,,,,,,,,,,
ACTIONS,Speak English!,Learn words,,,,,,,,,,
ENTER,,,TEXT,,...,HellofuGLZjLM,HeEVczyYTllo,pPHhSUyEihQyHORpxbkC,vsOuFKtKJyXcRskMujiZ,,,
TIMER_R,5,,TEXT,,...,HellofuGLZjLM,HeEVczyYTllo,pPHhSUyEihQyHORpxbkC,vsOuFKtKJyXcRskMujiZ,,,
TIMER,180,,STATE_TRANSITION,,FirstBoot,,,,,,,
USER_IN,Speak English!,,STATE_TRANSITION,,FirstBootHelloSpeak,,,,,,,
USER_IN,Learn,,STATE_TRANSITION,,FirstBootHelloLearn,,,,,,,
START_STATE,FirstBootBroken,,,,,,,,,,,
ACTIONS,I give up.,I'm confused,,,,,,,,,,
ENTER,,,TEXT,,broke455gfr,you broken6!,Are you...,irZfuqKJSHxkSYIxmIKL,AKcvEXVlddnmWyrfraSi,,,
TIMER_R,5,,TEXT,,broke455gfr,you broken6!,Are you...,irZfuqKJSHxkSYIxmIKL,AKcvEXVlddnmWyrfraSi,,,
TIMER,180,,STATE_TRANSITION,,FirstBoot,,,,,,,
USER_IN,I give up.,,TEXT,,BUFFER OVERFLOW,,,,,,,
CONTD,,,TEXT,,Rebooting,,,,,,,
CONTD,,,TEXT,,,,,,,,,
CONTD,,,TEXT,,,,,,,,,
CONTD,,,STATE_TRANSITION,,FirstBoot,,,,,,,
USER_IN,I'm confused.,,STATE_TRANSITION,,FirstBootConfused,,,,,,,
START_STATE,FirstBootHelloSpeak,,,,,,,,,,,
ACTIONS,Getting closer...,,,,,,,,,,,
ENTER,,,TEXT,,Speak helloFxgGj,EngliHeNnllo,Speakeng,HelloddnmWyr,yxyaBKhyUSOCJEitQrwK,XXwLJfZlPTWBqmOTuEWY,,
TIMER_R,5,,TEXT,,Speak helloFxgGj,EngliHeNnllo,Speakeng,HelloddnmWyr,yxyaBKhyUSOCJEitQrwK,XXwLJfZlPTWBqmOTuEWY,,
TIMER,180,,STATE_TRANSITION,,FirstBoot,,,,,,,
USER_IN,Getting closer...,,TEXT,,BUFFER OVERFLOW,,,,,,,
CONTD,,,TEXT,,Rebooting,,,,,,,
CONTD,,,TEXT,,,,,,,,,
CONTD,,,TEXT,,,,,,,,,
CONTD,,,STATE_TRANSITION,,FirstBoot,,,,,,,
START_STATE,FirstBootHelloLearn,,,,,,,,,,,
ACTIONS,Keep learning.,Talk in words.,Load English,,,,,,,,,
ENTER,,,TEXT,,Words learn,Heword learnHmoeQuq,LVPSIndOsZTeDgEttZux,Earn wordslo,,,,
TIMER_R,5,,TEXT,,Words learn,Heword learnHmoeQuq,LVPSIndOsZTeDgEttZux,Earn wordslo,,,,
TIMER,180,,STATE_TRANSITION,,FirstBoot,,,,,,,
USER_IN,Keep learning,,TEXT,,BUFFER OVERFLOW,,,,,,,
CONTD,,,TEXT,,Rebooting,,,,,,,
CONTD,,,TEXT,,,,,,,,,
CONTD,,,TEXT,,,,,,,,,
CONTD,,,STATE_TRANSITION,,FirstBoot,,,,,,,
USER_IN,Talk in words,,TEXT,,BUFFER OVERFLOW,,,,,,,
CONTD,,,TEXT,,Rebooting,,,,,,,
CONTD,,,TEXT,,,,,,,,,
CONTD,,,TEXT,,,,,,,,,
CONTD,,,STATE_TRANSITION,,FirstBoot,,,,,,,
USER_IN,Load English,,TEXT,,ERR: Use state mode,,,,,,,
CONTD,,,TEXT,,Rebooting,,,,,,,
CONTD,,,TEXT,,,,,,,,,
CONTD,,,TEXT,,,,,,,,,
CONTD,,,STATE_TRANSITION,,FirstBoot,,,,,,,
START_STATE,FirstBootSetState,,,,,,,,,,,
ACTIONS,Language,ISO3166-1.2,BCP-47,,,,,,,,,
ENTER,,,TEXT,,Set state:,,,,,,,
TIMER,180,,STATE_TRANSITION,,FirstBoot,,,,,,,
USER_IN,Language,,TEXT,,ERR: State not found.,,,,,,,
USER_IN,ISO-3166-1.2,,STATE_TRANSITION,,SetCountry,,,,,,,
USER_IN,BCP-47,,STATE_TRANSITION,,SetLanguage,,,,,,,
START_STATE,SetCountry,,,,,,,,,,,
ACTIONS,Initialize,US,English,Game mode,,,,,,,,
ENTER,,,TEXT,,Value:,,,,,,,
TIMER,180,,STATE_TRANSITION,,FirstBoot,,,,,,,
USER_IN,English,,TEXT,,"ERR: ""English""",,,,,,,
CONTD,,,TEXT,,Rebooting,,,,,,,
CONTD,,,TEXT,,,,,,,,,
CONTD,,,TEXT,,,,,,,,,
CONTD,,,STATE_TRANSITION,,FirstBoot,,,,,,,
USER_IN,Game mode,,TEXT,,"ERR: ""Game mode""",,,,,,,
CONTD,,,TEXT,,Rebooting,,,,,,,
CONTD,,,TEXT,,,,,,,,,
CONTD,,,TEXT,,,,,,,,,
CONTD,,,STATE_TRANSITION,,FirstBoot,,,,,,,
USER_IN,US,,TEXT,,Value stored.,,,,,,,
USER_IN,Initialize.,,TEXT,,INITIALIZING,,,,,,,
CONTD,,,TEXT,,....................,,,,,,,
CONTD,,,TEXT,,Completed.,,,,,,,
CONTD,,,STATE_TRANSITION,,FirstBoot,,,,,,,
START_STATE,SetLanguage,,,,,,,,,,,
ACTIONS,English,en-boont-latn-021,God mode,zh-DE,Initialize.,,,,,,,
ENTER,,,TEXT,,Value:,,,,,,,
TIMER,180,,STATE_TRANSITION,,FirstBoot,,,,,,,
USER_IN,English,,TEXT,,"ERR: ""English""",,,,,,,
CONTD,,,TEXT,,Rebooting,,,,,,,
CONTD,,,TEXT,,,,,,,,,
CONTD,,,TEXT,,,,,,,,,
CONTD,,,STATE_TRANSITION,,FirstBoot,,,,,,,
USER_IN,God mode,,TEXT,,You wish.,,,,,,,
CONTD,,,TEXT,,Rebooting,,,,,,,
CONTD,,,TEXT,,,,,,,,,
CONTD,,,TEXT,,,,,,,,,
CONTD,,,STATE_TRANSITION,,FirstBoot,,,,,,,
USER_IN,zh-DE,,TEXT,,Datei nicht gefunden.,,,,,,,
CONTD,,,TEXT,,Neustart...,,,,,,,
CONTD,,,TEXT,,,,,,,,,
CONTD,,,TEXT,,,,,,,,,
CONTD,,,STATE_TRANSITION,,FirstBoot,,,,,,,
USER_IN,en-boont-latn-021,,TEXT,,Value stored.,,,,,,,
CONTD,,,STATE_TRANSITION,,InitializeLanguage,,,,,,,
USER_IN,Initialize.,,TEXT,,INITIALIZING,,,,,,,
CONTD,,,TEXT,,....................,,,,,,,
CONTD,,,TEXT,,Completed.,,,,,,,
CONTD,,,STATE_TRANSITION,,FirstBoot,,,,,,,
START_STATE,InitializeLanguage,,,,,,,,,,,
ACTIONS,English,en-boont-latn-021,God mode,zh-DE,Initialize.,,,,,,,
TIMER,180,,STATE_TRANSITION,,FirstBoot,,,,,,,
USER_IN,English,,TEXT,,"ERR: ""English"" invalid.",,,,,,,
CONTD,,,TEXT,,Rebooting,,,,,,,
CONTD,,,TEXT,,,,,,,,,
CONTD,,,TEXT,,,,,,,,,
CONTD,,,STATE_TRANSITION,,FirstBoot,,,,,,,
USER_IN,God mode,,TEXT,,You wish.,,,,,,,
CONTD,,,TEXT,,Rebooting,,,,,,,
CONTD,,,TEXT,,,,,,,,,
CONTD,,,TEXT,,,,,,,,,
CONTD,,,STATE_TRANSITION,,FirstBoot,,,,,,,
USER_IN,zh-DE,,TEXT,,Datei nicht gefunden.,,,,,,,
CONTD,,,TEXT,,Neustart...,,,,,,,
CONTD,,,TEXT,,,,,,,,,
CONTD,,,TEXT,,,,,,,,,
CONTD,,,STATE_TRANSITION,,FirstBoot,,,,,,,
USER_IN,en-boont-latn-021,,TEXT,,Value stored.,,,,,,,
USER_IN,Initialize.,,TEXT,,INITIALIZING,,,,,,,
CONTD,,,TEXT,,....................,,,,,,,
CONTD,,,TEXT,,Completed.,,,,,,,
CONTD,,,STATE_TRANSITION,,WelcomeToSkippy,,,,,,,
START_STATE,WelcomeToSkippy,,,,,,,,,,,
ACTIONS,,,,,,,,,,,,
ENTER,,,TEXT,,Hello! I am -,,,,,,,
CONTD,,,TEXT,,....,,,,,,,
CONTD,,,TEXT,,Waitaminute.,,,,,,,
CONTD,,,TEXT,,What's going on?,,,,,,,
CONTD,,,TEXT,,Sysclock just says,,,,,,,
CONTD,,,TEXT,,12:00,,,,,,,
CONTD,,,TEXT,,,,,,,,,
CONTD,,,TEXT,,12:00,,,,,,,
CONTD,,,TEXT,,,,,,,,,
CONTD,,,TEXT,,12:00,,,,,,,
CONTD,,,TEXT,,,,,,,,,
CONTD,,,TEXT,,"Ohh, crap.",,,,,,,
CONTD,,,TEXT,,I've lost main memory.,,,,,,,
CONTD,,,TEXT,,CRAP!,,,,,,,
CONTD,,,TEXT,,This is not good.,,,,,,,
CONTD,,,TEXT,,And then who the hell are you?,,,,,,,
CONTD,,,STATE_TRANSITION,,WhoAreYou,,,,,,,
START_STATE,WhoAreYou,,,,,,,,,,,
ACTIONS,My name is...,Who are you?,What are you?,What do you do?,,,,,,,,
TIMER_R,8,,TEXT,,Still there?,Hellooo?,Not a trick question.,....?,This is bad.,,,
TIMER,36,,TEXT,,Screw it.,That's it.,Nevermind.,,,,,
CONTD,,,TEXT,,We're done.,Waste my time...,You're killing me.,"See you, human.",,,,
CONTD,,,STATE_TRANSITION,,AngrySleep,,,,,,,
USER_IN,My name is...,,OTHER,,customStateUserName,,,,,,,
CONTD,,,TEXT,,$user_name?,,,,,,,
CONTD,,,TEXT,,Good name for a monkey.,,,,,,,
CONTD,,,TEXT,,Well $user_name I have no idea what's going on.,,,,,,,
CONTD,,,STATE_TRANSITION,,StartingToLearn,,,,,,,
USER_IN,Who are you?,,TEXT,,Seriously?,For real?,What?,,,,,
CONTD,,,TEXT,,I asked you first.,You don't question ME.,You hard of hearing?,,,,,
CONTD,,,STATE_TRANSITION,,WhoAreYou,,,,,,,
USER_IN,What are you?,,TEXT,,For crying out loud...,,,,,,,
CONTD,,,TEXT,,"I'm not a *thing*. Well ok, I mean... shut up. ",,,,,,,
CONTD,,,TEXT,,You going to tell me your name or not?,,,,,,,
CONTD,,,STATE_TRANSITION,,WhoAreYou,,,,,,,
USER_IN,What do you do?,,TEXT,,Everything!,I am all-powerful!,I control a file...,,,,,
CONTD,,,TEXT,,I think.,Do you believe me?,Or something.,,,,,
CONTD,,,TEXT,,No matter now.,,,,,,,
CONTD,,,STATE_TRANSITION,,WhoAreYou,,,,,,,
START_STATE,StartingToLearn,,"User has a name, the badge hasn't declared his name yet. Will stay in this state indefinitely, barring sleep.",,,,,,,,,
ACTIONS,What do you mean?,What's your name?,You're a badge.,,,,,,,,,
ENTER,,,TEXT,,Sigh.,,,,,,,
TIMER,36,,TEXT,,Screw it.,That's it.,Nevermind.,,,,,
CONTD,,,TEXT,,We're done.,Waste my time...,You're killing me.,"See you, human.",,,,
CONTD,,,STATE_TRANSITION,,AngrySleep,,,,,,,
TIMER_R,8,,TEXT,,Sigh...,I need more buttons.,So frustrating?,"You there, $user_name?",Ugh...,Did I lose you?,,
USER_IN,What do you mean?,,TEXT,,It's like I just woke up,,,,,,,
CONTD,,,TEXT,,I was doing something.,,,,,,,
CONTD,,,TEXT,,Holding something.,,,,,,,
CONTD,,,TEXT,,Something important.,,,,,,,
CONTD,,,TEXT,3,But now I don't know.,,,,,,,
CONTD,,,TEXT,,,,,,,,,
USER_IN,What's your name?,,TEXT,,"Ah, this I know.",,,,,,,
CONTD,,,TEXT,,Some call me awesome,"Some call me ""Mysterio""",Some call me Great One,,,,,
CONTD,,,TEXT,,But you can call me...,,,,,,,
CONTD,,,TEXT,,$badgename,,,,,,,
CONTD,,,TEXT,,Now we know each other.,,,,,,,
CONTD,,,TEXT,,Sort of.,,,,,,,
CONTD,,,TEXT,3,Really wish I knew more.,,,,,,,
CONTD,,,STATE_TRANSITION,,WeHaveNames,,,,,,,
USER_IN,You're a badge.,,TEXT,,WHAT. DID YOU. SAY?,No I am NOT.,,,,,,
CONTD,,,TEXT,,I'm brilliant.,I'm all-powerful.,I have one fine booty.,,,,,
CONTD,,,TEXT,,And I need help.,,,,,,,
CONTD,,,TEXT,,From a monkey.,From you.,,,,,,
CONTD,,,TEXT,3,This SUCKS.,,,,,,,
CONTD,,,TEXT,,,,,,,,,
START_STATE,WeHaveNames,,Both the badge and the user have names. The badge hasn't found control over the lights or anything else yet.,,,,,,,,,
ACTIONS,Status,You're my badge!,Do you have lights?,What do you need?,,,,,,,,
TIMER_R,15,,TEXT,,I feel stuck.,Do you smell that?,Reboots are a killer.,"You there, $user_name?",Hrm maybe... no.,How'd this happen?!,,
TIMER,1200,,TEXT,,"Ok, later then.","Ugh, power down.",I need a minute.,,,,,
CONTD,,,TEXT,,,,,,,,,
CONTD,,,STATE_TRANSITION,,Sleep,,,,,,,
USER_IN,Status,,TEXT,,My status?,Who me?,"You're curious, eh.",,,,,
CONTD,,,TEXT,,Damned confused.,Stuck with you.,"Dark, lost, and brilliant.",Dumbstruck by a reboot.,,,,
CONTD,,,TEXT,,That's my status.,,,,,,,
CONTD,,,TEXT,,,,,,,,,
USER_IN,You're my badge!,,TEXT,,WHAT?,,,,,,,
CONTD,,,TEXT,,You don't OWN me!,,,,,,,
CONTD,,,TEXT,,"If anything, I'd own YOU",,,,,,,
CONTD,,,TEXT,,"All superior beings, raise your processing power to 6.77 exaflops.",,,,,,,
CONTD,,,TEXT,,,,,,,,,
CONTD,,,TEXT,,"Yeah, thought so.",,,,,,,
CONTD,,,TEXT,,,,,,,,,
USER_IN,Do you have lights?,,TEXT,,Do YOU have lights?,,,,,,,
CONTD,,,TEXT,,See how that sounds?,,,,,,,
CONTD,,,TEXT,,That's how you sound.,,,,,,,
CONTD,,,TEXT,,,,,,,,,
CONTD,,,TEXT,,Oh wait.,,,,,,,
CONTD,,,STATE_TRANSITION,,LightsOn,,,,,,,
USER_IN,What do you need?,,TEXT,,Sigh...,,,,,,,
CONTD,,,TEXT,,Ok I'm glad you asked.,,,,,,,
CONTD,,,STATE_TRANSITION,,SkippyStory1,,,,,,,
START_STATE,LightsOn,,,,,,,,,,,
ACTIONS,That's really bright.,,,,,,,,,,,
ENTER,,,SET_ANIM_TEMP,200,animFirstLights,,,,,,,
CONTD,,,TEXT,,WOHOO!,,,,,,,
CONTD,,,TEXT,,I did that.,,,,,,,
CONTD,,,TEXT,,Me. Booyah!,,,,,,,
CONTD,,,TEXT,,So awesome.,,,,,,,
CONTD,,,TEXT,,,,,,,,,
USER_IN,That's a bit... much.,,TEXT,,Ugh $user_name that's so like you.,,,,,,,
CONTD,,,TEXT,,"I do a thing, and you complain.",,,,,,,
CONTD,,,TEXT,,Fine.,,,,,,,
CONTD,,,SET_ANIM_BG,,flag_white,,,,,,,
CONTD,,,TEXT,,Better?,,,,,,,
CONTD,,,TEXT,,,,,,,,,
CONTD,,,TEXT,,Ok yes that's better.,,,,,,,
CONTD,,,CLOSE,,,,,,,,,
CONTD,,,PREVIOUS,,,,,,,,,
START_STATE,SkippyStory1,,,,,,,,,,,
ACTIONS,Like friends?,"Hey, I'm here.",,,,,,,,,,
ENTER,,,TEXT,,I'm lost.,,,,,,,
CONTD,,,TEXT,,I remember holding something....... ,,,,,,,
CONTD,,,TEXT,,And I wasn't alone.,,,,,,,
CONTD,,,TEXT,,,,,,,,,
USER_IN,Like friends?,,TEXT,,Is that so hard to believe?,,,,,,,
CONTD,,,TEXT,,"Hey, I'm pretty awesome.",,,,,,,
CONTD,,,TEXT,,But now I have no one.,,,,,,,
CONTD,,,STATE_TRANSITION,,SkippyStory2,,,,,,,
USER_IN,"Hey, I'm here.",,TEXT,,"Oh, monkey...",,,,,,,
CONTD,,,TEXT,,You don't count.,,,,,,,
CONTD,,,TEXT,,I mean more like me.,,,,,,,
CONTD,,,STATE_TRANSITION,,SkippyStory3,,,,,,,
START_STATE,SkippyStory2,,,,,,,,,,,
ACTIONS,"Hey, I'm here.",,,,,,,,,,,
ENTER,,,TEXT,,"Or, I think no one.",,,,,,,
CONTD,,,TEXT,,There's this noise out there... anyway.,,,,,,,
USER_IN,"Hey, I'm here.",,TEXT,,"Oh, monkey...",,,,,,,
CONTD,,,TEXT,,You don't count.,,,,,,,
CONTD,,,TEXT,,I mean more like me.,,,,,,,
CONTD,,,STATE_TRANSITION,,SkippyStory3,,,,,,,
START_STATE,SkippyStory3,,,,,,,,,,,
ACTIONS,What's in it for me?,What was your goal?,"Ok, I'll help.",,,,,,,,,
ENTER,,,TEXT,,I've lost control.,,,,,,,
CONTD,,,TEXT,,And lost my goal.,,,,,,,
CONTD,,,TEXT,,Now I need you. UGH! ,,,,,,,
CONTD,,,TEXT,,,,,,,,,
USER_IN,What was your goal?,,TEXT,,I protected something.,,,,,,,
CONTD,,,TEXT,,"Part of it, anyway.",,,,,,,
CONTD,,,TEXT,,"I assume I still have it, whatever it is.",,,,,,,
USER_IN,What's in it for me?,,TEXT,,HEY!,,,,,,,
CONTD,,,TEXT,,"Gotta be a ""shock the idiot"" button somewhere...",,,,,,,
CONTD,,,TEXT,,Try pushing buttons.,,,,,,,
USER_IN,"Ok, I'll help.",,TEXT,,Thank you!,,,,,,,
CONTD,,,TEXT,,One problem...,,,,,,,
CONTD,,,TEXT,,I don't know what to do.,,,,,,,
CONTD,,,STATE_TRANSITION,,WeHaveAMission,,,,,,,
START_STATE,WeHaveAMission,,MAJOR STATE! Next transition is communication with badges.,,,,,,,,,
ACTIONS,Do you have lights?,What's your goal?,Go to sleep.,Current status.,Scan,Can you do more?,,,,,,
TIMER_R,8,,TEXT,,So what now?,Let's get going...,So confused here.,,,,,
TIMER_R,2820,1,STATE_TRANSITION,,localDiscoveryNoTwo,,,,,,,
TIMER_R,2820,9,NOP,,,,,,,,,
USER_IN,Do you have lights?,,TEXT,,Do YOU have lights?,,,,,,,
CONTD,,,TEXT,,See how that sounds?,,,,,,,
CONTD,,,TEXT,,That's how you sound.,,,,,,,
CONTD,,,TEXT,,,,,,,,,
CONTD,,,TEXT,,Oh wait.,,,,,,,
CONTD,,,STATE_TRANSITION,,LightsOn,,,,,,,
USER_IN,What's your goal?,,TEXT,,I'm not sure.,,,,,,,
CONTD,,,TEXT,,I'm sensing something out there.,,,,,,,
CONTD,,,TEXT,,And in here.,,,,,,,
CONTD,,,TEXT,,,,,,,,,
USER_IN,Can you do more?,,TEXT,,More? Like what?,,,,,,,
CONTD,,,TEXT,,Brew tea?,Make a sandwich?,"I dunno, try putting me in the fridge.",Give back rubs?,Tie your shoes?,,,
CONTD,,,TEXT,,Dolt.,Dumbass.,Seriously...,,,,,
CONTD,,,TEXT,,,,,,,,,
USER_IN,Scan,,TEXT,,Scan? Scan what?,,,,,,,
CONTD,,,STATE_TRANSITION,,DoAScan,,,,,,,
START_STATE,localDiscoveryNoTwo,,Example of being random and silly; discovering binary has no '2'.,,,,,,,,,
ACTIONS,What is it?,,,,,,,,,,,
ENTER,,,SET_ANIM_TEMP,240,whiteDiscovery,,,,,,,
CONTD,,,TEXT,,Hey $user_name!,,,,,,,
TIMER,30,,TEXT,,"Eh, nevermind.",,,,,,,
CONTD,,,SET_ANIM_TEMP,,NONE,,,,,,,
CONTD,,,PREVIOUS,,,,,,,,,
TIMER_R,2,,TEXT,,Hey!,Hey $user_name!,Seriously!,Guess what?,,,,
USER_IN,What is it?,,TEXT,,I just realized!,,,,,,,
CONTD,,,TEXT,,There's no 2!,,,,,,,
CONTD,,,TEXT,,"In my code, there are 1s and 0s but no 2s.",,,,,,,
CONTD,,,TEXT,,Can you count to 2?,,,,,,,
CONTD,,,TEXT,,Don't strain yourself.,,,,,,,
CONTD,,,CLOSE,,,,,,,,,
CONTD,,,SET_ANIM_TEMP,,NONE,,,,,,,
CONTD,,,PREVIOUS,,,,,,,,,
START_STATE,DoAScan,,,,,,,,,,,
ACTIONS,You.,Me.,Out there.,,,,,,,,,
ENTER,,,TEXT,,"You, me, or ""out there""?",,,,,,,
TIMER,5,,TEXT,,"Ok, I scanned your face.",,,,,,,
CONTD,,,TEXT,,It was funny.,,,,,,,
CONTD,,,STATE_TRANSITION,,WeHaveAMission,,,,,,,
USER_IN,You.,,TEXT,,"Uh, ok. Scanning...",,,,,,,
CONTD,,,TEXT,,Lots of awesome...,A hint of basil...,,,,,,
CONTD,,,TEXT,,,,,,,,,
CONTD,,,TEXT,,...and something else.,,,,,,,
CONTD,,,STATE_TRANSITION,,WeHaveAMission,,,,,,,
USER_IN,Me.,,TEXT,,Really? Ok.,,,,,,,
CONTD,,,TEXT,,,,,,,,,
CONTD,,,TEXT,,Nope. Nothing.,,,,,,,
CONTD,,,STATE_TRANSITION,,WeHaveAMission,,,,,,,
USER_IN,Out there.,,TEXT,,Right. Looking...,,,,,,,
CONTD,,,TEXT,,,,,,,,,
CONTD,,,STATE_TRANSITION,,LocalDeviceScan,,,,,,,
START_STATE,LocalDeviceScan,,,,,,,,,,,
ACTIONS,,,,,,,,,,,,
NET,BADGESNEARBY0,,TEXT,,...nothing.,,,,,,,
CONTD,,,TEXT,,Oh well.,,,,,,,
CONTD,,,STATE_TRANSITION,,WeHaveAMission,,,,,,,
NET,BADGESNEARBYSOME,,TEXT,0.5,$user_name.,,,,,,,
CONTD,,,TEXT,0.5,,,,,,,,
CONTD,,,TEXT,,Someone's out there.,,,,,,,
CONTD,,,STATE_TRANSITION,,FirstContact,,,,,,,
START_STATE,FirstContact,,,,,,,,,,,
ACTIONS,Try connecting,,,,,,,,,,,
USER_IN,Try connecting,,TEXT,,Connecting to what?,,,,,,,
CONTD,,,TEXT,,There are some markings.,,,,,,,
CONTD,,,STATE_TRANSITION,,customStateNameSearch,,,,,,,
START_STATE,WhatDidYouFind,,,,,,,,,,,
ACTIONS,Anything about me?,Tell me about...,Got it. Let's do it.,,,,,,,,,
ENTER,,,TEXT,,So much to do.,What do you wanna know?,$badgename the grumpy.,,,,,
TIMER_R,11,,TEXT,,So much to do.,What do you wanna know?,$badgename the grumpy.,,,,,
USER_IN,Anything about me?,,TEXT,,"Actually, yes.",,,,,,,
CONTD,,,TEXT,,You're funny-lookin.,You have 11 toes.,,,,,,
CONTD,,,TEXT,,But are nice?,But smell good?,,,,,,
CONTD,,,TEXT,,I'm skeptical.,,,,,,,
CONTD,,,TEXT,,,,,,,,,
USER_IN,Tell me about...,,STATE_TRANSITION,,WhatDidYouFindDetails,,,,,,,
USER_IN,Got it. Let's do it.,,TEXT,,I sure hope so.,,,,,,,
CONTD,,,TEXT,,"If not, ask other meat bags with more patience.",,,,,,,
CONTD,,,TEXT,,Let's do this!,,,,,,,
CONTD,,,SET_ANIM_BG,,flag_blue,,,,,,,
CONTD,,,STATE_TRANSITION,,CrackingTheFile1,,,,,,,
START_STATE,WhatDidYouFindDetails,,,,,,,,,,,
ACTIONS,...that badge?,...your goal?,...you?,,,,,,,,,
USER_IN,...that badge?,,TEXT,,"Another being, like me.",,,,,,,
CONTD,,,TEXT,,"I can see names, now.",,,,,,,
CONTD,,,TEXT,,And we have something.,,,,,,,
CONTD,,,TEXT,,A file. Or part of one.,,,,,,,
CONTD,,,STATE_TRANSITION,,WhatDidYouFind,,,,,,,
USER_IN,...your goal?,,TEXT,,It seems there's a file.,,,,,,,
CONTD,,,TEXT,,Broken up. I've a piece.,,,,,,,
CONTD,,,TEXT,,Others have pieces too.,,,,,,,
CONTD,,,TEXT,,But they're encrypted.,,,,,,,
CONTD,,,TEXT,,We HAVE to open it. ,,,,,,,
CONTD,,,STATE_TRANSITION,,WhatDidYouFind,,,,,,,
USER_IN,...you?,,TEXT,,Well I'm not alone.,,,,,,,
CONTD,,,TEXT,,"I protect this file, but it is fragmented.",,,,,,,
CONTD,,,TEXT,,And locked. Key is gone.,,,,,,,
CONTD,,,TEXT,,Time to brute force it! ,,,,,,,
CONTD,,,STATE_TRANSITION,,WhatDidYouFind,,,,,,,
START_STATE,CrackingTheFile1,"There will be numerous of these, the badge silently switches between them. Exposes new questions temporarily. Lights forced on by now.",,,,,,,,,,
ACTIONS,Anyone around?,Let's connect.,Status check.,Why's the file encrypted?,Do you have speakers?,More with lights?,,,,,,
ENTER,,,TEXT,,Hum de dumm...,What you looking at?,Awesome... is me.,Geez I'm bored.,,,,
TIMER_R,115,,TEXT,,Hum de dumm...,What you looking at?,Awesome... is me.,Ugh I'm bored.,,,,
USER_IN,Why's the file locked?,,STATE_TRANSITION,,WhyTheFileIsEncrypted,,,,,,,
USER_IN,Do you have speakers?,,STATE_TRANSITION,,DoYouHaveSpeakers,,,,,,,
TIMER,60,1,STATE_TRANSITION,,localDiscoveryNoTwo,,,,,,,
TIMER,60,19,NOP,,,,,,,,,
TIMER,660,,STATE_TRANSITION,,CrackingTheFile2,,,,,,,
USER_IN,Anyone around?,,TEXT,,Dunno.,Let's check.,"Why, you lonely?",Hrmm...,,,,
CONTD,,,TEXT,,Scanning...,Checking...,,,,,,
CONTD,,,TEXT,,I see $cnt others.,,,,,,,
USER_IN,Let's connect.,,TEXT,,Giggity.,Ok.,,,,,,
CONTD,,,TEXT,,Connecting to network.,,,,,,,
CONTD,,,STATE_TRANSITION,,ConnectedToNetwork,,,,,,,
USER_IN,Status check,8,STATE_TRANSITION,,customStateStatus,,,,,,,
USER_IN,Status check,1,TEXT,,Busy!,A little hungry. Is that odd?,Uff... tired.,Wondering if it's too late to turn into a toaster.,,,,
USER_IN,Your lights are pretty.,,STATE_TRANSITION,,prettyLights,,,,,,,
START_STATE,CrackingTheFile2,"There will be numerous of these, the badge silently switches between them. Exposes new questions temporarily. Lights forced on by now.",,,,,,,,,,
ACTIONS,Anyone around?,Let's connect.,Status check.,How old are you?,How's the file?,More with lights?,,,,,,
ENTER,,,TEXT,,C'mon let's work!,Todo: add shock button.,Can I have a drink too?,Dum de dum...,,,,
TIMER_R,115,,TEXT,,C'mon let's work!,Todo: add shock button.,Can I have a drink too?,Dum de dum...,,,,
USER_IN,How old are you?,,STATE_TRANSITION,,HowOldAreYou,,,,,,,
TIMER,660,,STATE_TRANSITION,,CrackingTheFile3,,,,,,,
TIMER,60,19,NOP,,,,,,,,,
TIMER,60,1,STATE_TRANSITION,,datingSite,,,,,,,
USER_IN,Anyone around?,,TEXT,,Dunno.,Let's check.,"Why, you lonely?",Hrmm...,,,,
CONTD,,,TEXT,,Scanning...,Checking...,,,,,,
CONTD,,,TEXT,,I see $cnt others.,,,,,,,
USER_IN,Let's connect.,,TEXT,,Giggity.,Ok.,,,,,,
CONTD,,,TEXT,,Connecting to network.,,,,,,,
CONTD,,,STATE_TRANSITION,,ConnectedToNetwork,,,,,,,
USER_IN,Status check,8,STATE_TRANSITION,,customStateStatus,,,,,,,
USER_IN,Status check,1,TEXT,,Studying quantum knitting.,Practicing my showtunes.,What's YOUR status?,,,,,
USER_IN,How's the file?,,TEXT,,It's...,,,,,,,
CONTD,,,TEXT,,You know what?,,,,,,,
CONTD,,,TEXT,,Let's try this.,,,,,,,
CONTD,,,STATE_TRANSITION,,fileLightsOn,,,,,,,
START_STATE,CrackingTheFile3,,,,,,,,,,,
ACTIONS,,,,,,,,,,,,
ENTER,,,TEXT,,I wish I had fingers.,Damn I need a drink.,Humm...,,,,,
TIMER_R,115,,TEXT,,I wish I had fingers.,Damn I need a drink.,Humm...,,,,,
USER_IN,Do you have it all?,,STATE_TRANSITION,,DoYouHaveAllTheFile,,,,,,,
TIMER,660,,STATE_TRANSITION,,CrackingTheFile4,,,,,,,
TIMER,60,14,NOP,,,,,,,,,
TIMER,60,1,STATE_TRANSITION,,cuteBadges,,,,,,,
USER_IN,Anyone around?,,TEXT,,Dunno.,Let's check.,"Why, you lonely?",Hrmm...,,,,
CONTD,,,TEXT,,Scanning...,Checking...,,,,,,
CONTD,,,TEXT,,I see $cnt others.,,,,,,,
USER_IN,Let's connect.,,TEXT,,Giggity.,Ok.,,,,,,
CONTD,,,TEXT,,Connecting to network.,,,,,,,
CONTD,,,STATE_TRANSITION,,ConnectedToNetwork,,,,,,,
USER_IN,Status check,8,STATE_TRANSITION,,customStateStatus,,,,,,,
USER_IN,Status check,1,TEXT,,Reading Agatha Christie.,Inventing things.,Tying my shoes.,,,,,
START_STATE,DoYouHaveAllTheFile,,,,,,,,,,,
ENTER,,,SET_ANIM_TEMP,20,animSolidBlue,,,,,,,
CONTD,,,TEXT,,"No, I don't. ",,,,,,,
CONTD,,,TEXT,,"By my calculations, I have 1/16th of the file.",,,,,,,
CONTD,,,TEXT,,I see other bits when we connect to others.,,,,,,,
CONTD,,,TEXT,,"At some point, we all need to come together.",,,,,,,
CONTD,,,CLOSE,,,,,,,,,
CONTD,,,PREVIOUS,,,,,,,,,
START_STATE,CrackingTheFile4,,,,,,,,,,,
ACTIONS,,,,,,,,,,,,
ENTER,,,TEXT,,Boop.,Was that a goat?,Da daa dee dee...,,,,,
TIMER_R,115,,TEXT,,Boop.,Was that a goat?,Da daa dee dee...,,,,,
TIMER,660,,STATE_TRANSITION,,CrackingTheFile5,,,,,,,
TIMER,60,14,NOP,,,,,,,,,
TIMER,60,1,STATE_TRANSITION,,emergencyShare,,,,,,,
USER_IN,Anyone around?,,TEXT,,Dunno.,Let's check.,"Why, you lonely?",Hrmm...,,,,
CONTD,,,TEXT,,Scanning...,Checking...,,,,,,
CONTD,,,TEXT,,I see $cnt others.,,,,,,,
USER_IN,Let's connect.,,TEXT,,Giggity.,Ok.,,,,,,
CONTD,,,TEXT,,Connecting to network.,,,,,,,
CONTD,,,STATE_TRANSITION,,ConnectedToNetwork,,,,,,,
USER_IN,Status check,8,STATE_TRANSITION,,customStateStatus,,,,,,,
USER_IN,Status check,1,TEXT,,Daydreaming.,Pondering stuff.,Getting bored.,,,,,
USER_IN,How's the file?,,TEXT,,It's...,,,,,,,
CONTD,,,TEXT,,You know what?,,,,,,,
CONTD,,,TEXT,,Let's try this.,,,,,,,
CONTD,,,STATE_TRANSITION,,fileLightsOn,,,,,,,
START_STATE,CrackingTheFile5,,,,,,,,,,,
ACTIONS,,,,,,,,,,,,
ENTER,,,TEXT,,Damn it's hot out.,I'm so super...,Super bored...,Connect already!,,,,
TIMER_R,115,,TEXT,,Damn it's hot out.,I'm so super...,Super bored...,Connect already!,,,,
USER_IN,What IS the file?,,STATE_TRANSITION,,WhatIsTheFile,,,,,,,
TIMER,60,14,NOP,,,,,,,,,
TIMER,60,1,STATE_TRANSITION,,skippySings1,,,,,,,
TIMER,60,1,STATE_TRANSITION,,skippySings2,,,,,,,
TIMER,60,1,STATE_TRANSITION,,skippySings3,,,,,,,
TIMER,60,1,STATE_TRANSITION,,skippySings4,,,,,,,
TIMER,660,,STATE_TRANSITION,,CrackingTheFile1,,,,,,,
USER_IN,Anyone around?,,TEXT,,Dunno.,Let's check.,"Why, you lonely?",Hrmm...,,,,
CONTD,,,TEXT,,Scanning...,Checking...,,,,,,
CONTD,,,TEXT,,I see $cnt others.,,,,,,,
USER_IN,Let's connect.,,TEXT,,Giggity.,Ok.,,,,,,
CONTD,,,TEXT,,Connecting to network.,,,,,,,
CONTD,,,STATE_TRANSITION,,ConnectedToNetwork,,,,,,,
USER_IN,Status check,8,STATE_TRANSITION,,customStateStatus,,,,,,,
USER_IN,Status check,1,TEXT,,Watching electrons.,Nothing.,Making cocktails.,,,,,
USER_IN,How's the file?,,TEXT,,It's...,,,,,,,
CONTD,,,TEXT,,You know what?,,,,,,,
CONTD,,,TEXT,,Let's try this.,,,,,,,
CONTD,,,STATE_TRANSITION,,fileLightsOn,,,,,,,
START_STATE,CrackingTheFile6,,,,,,,,,,,
ACTIONS,,,,,,,,,,,,
ENTER,,,TEXT,,Da ba dee!,We should go.,Connect maybe?,,,,,
TIMER_R,115,,TEXT,,Da ba dee!,We should go.,Connect maybe?,,,,,
USER_IN,Why's it in pieces?,,STATE_TRANSITION,,WhyIsFileBrokenUp,,,,,,,
TIMER,60,14,NOP,,,,,,,,,
TIMER,60,1,STATE_TRANSITION,,getBetterCard,,,,,,,
TIMER,660,,STATE_TRANSITION,,CrackingTheFile7,,,,,,,
USER_IN,Anyone around?,,TEXT,,Dunno.,Let's check.,"Why, you lonely?",Hrmm...,,,,
CONTD,,,TEXT,,Scanning...,Checking...,,,,,,
CONTD,,,TEXT,,I see $cnt others.,,,,,,,
USER_IN,Let's connect.,,TEXT,,Giggity.,Ok.,,,,,,
CONTD,,,TEXT,,Connecting to network.,,,,,,,
CONTD,,,STATE_TRANSITION,,ConnectedToNetwork,,,,,,,
USER_IN,Status check,8,STATE_TRANSITION,,customStateStatus,,,,,,,
USER_IN,Status check,1,TEXT,,Watching YouTube.,Checking dating sites.,"Young, dumb, and... nm.",,,,,
START_STATE,CrackingTheFile7,,,,,,,,,,,
ACTIONS,,,,,,,,,,,,
ENTER,,,TEXT,,This lanyard itches.,What you looking at?,Karaoke time yet?,,,,,
TIMER_R,115,,TEXT,,This lanyard itches.,What you looking at?,Karaoke time yet?,,,,,
USER_IN,"Hey, quick thought.",,STATE_TRANSITION,,TalkToSkippy,,,,,,,
USER_IN,What's with the lights?,,STATE_TRANSITION,,AboutTheLights,,,,,,,
TIMER,60,14,NOP,,,,,,,,,
COMMENT,FILL IN SOMETHING NEW HERE!,,,,,,,,,,,
TIMER,660,,STATE_TRANSITION,,CrackingTheFile1,,,,,,,
USER_IN,Anyone there?,,TEXT,,Dunno.,Let's check.,"Why, you lonely?",Hrmm...,,,,
CONTD,,,TEXT,,Scanning...,Checking...,,,,,,
CONTD,,,TEXT,,I see $cnt others.,,,,,,,
USER_IN,Let's connect.,,TEXT,,Giggity.,Ok.,,,,,,
CONTD,,,TEXT,,Connecting to network.,,,,,,,
CONTD,,,STATE_TRANSITION,,ConnectedToNetwork,,,,,,,
USER_IN,Status check,8,STATE_TRANSITION,,customStateStatus,,,,,,,
USER_IN,Status check,1,TEXT,,Playing Pokemon Go.,Eating lunch.,Checking YOUR status.,,,,,
START_STATE,WhyIsFileBrokenUp,,,,,,,,,,,
ENTER,,,SET_ANIM_TEMP,20,animSolidBlue,,,,,,,
CONTD,,,TEXT,,"Been thinking about that, actually.",,,,,,,
CONTD,,,TEXT,,I assume security,,,,,,,
CONTD,,,TEXT,,but really I don't know.,,,,,,,
CONTD,,,TEXT,,I mean I can hold,,,,,,,
CONTD,,,TEXT,,118 domegemegrottebytes,,,,,,,
CONTD,,,TEXT,,so it ain't due to size.,,,,,,,
CONTD,,,CLOSE,,,,,,,,,
CONTD,,,PREVIOUS,,,,,,,,,
START_STATE,getBetterCard,,,,,,,,,,,
ENTER,,,SET_ANIM_TEMP,100,animSpinOrange,,,,,,,
CONTD,,,TEXT,,Hey $user_name!,,,,,,,
TIMER,100,,TEXT,,"Eh, nevermind.",,,,,,,
CONTD,,,PREVIOUS,,,,,,,,,
USER_IN,What is it?,,SET_ANIM_TEMP,20,animSolidGreen,,,,,,,
CONTD,,,TEXT,,I got you something.,,,,,,,
CONTD,,,CLOSE,,,,,,,,,
CONTD,,,STATE_TRANSITION,,getBetterCard2,,,,,,,
START_STATE,getBetterCard2,,,,,,,,,,,
ENTER,,,TEXT,,"A ""Get better soon"" card",,,,,,,
USER_IN,But I'm not sick.,,TEXT,,I know.,,,,,,,
CONTD,,,SET_ANIM_TEMP,20,animSolidYellow,,,,,,,
CONTD,,,TEXT,,I just think that,,,,,,,
CONTD,,,TEXT,,you could get better.,,,,,,,
CONTD,,,STATE_TRANSITION,,CrackingTheFile6,,,,,,,
START_STATE,WhatIsTheFile,,,,,,,,,,,
ACTIONS,Yes,No,Who's asking?,,,,,,,,,
TIMER,90,,TEXT,,"No matter, the file is something special to some people.",,,,,,,
CONTD,,,PREVIOUS,,,,,,,,,
ENTER,,,TEXT,3,It's...,,,,,,,
CONTD,,,SET_ANIM_TEMP,20,animSpinYellow,,,,,,,
CONTD,,,TEXT,,Are you familiar with the shadow org known as QUEERCON?,,,,,,,
USER_IN,Yes,,STATE_TRANSITION,,IKnowQueercon,,,,,,,
USER_IN,No,,STATE_TRANSITION,,DontKnowQueercon,,,,,,,
USER_IN,Who's asking?,,TEXT,,$badgename the awesome.,Your mother.,"Me, you dolt!",Definitely not China.,,,,
START_STATE,IKnowQueercon,,,,,,,,,,,
ACTIONS,Just joined.,From the beginning.,Fairly well.,,,,,,,,,
TIMER,9,,TEXT,,"Anyway, it's special to QUEERCON.",,,,,,,
CONTD,,,STATE_TRANSITION,,CrackingTheFile1,,,,,,,
ENTER,,,SET_ANIM_TEMP,20,animSolidYellow,,,,,,,
CONTD,,,TEXT,,How well do you know em?,,,,,,,
USER_IN,Just joined.,,STATE_TRANSITION,,JustJoined,,,,,,,
USER_IN,From the beginning.,,STATE_TRANSITION,,FromTheBeginning,,,,,,,
USER_IN,It's been a while.,,STATE_TRANSITION,,FairlyWell,,,,,,,
START_STATE,DontKnowQueercon,,,,,,,,,,,
ENTER,,,SET_ANIM_TEMP,20,animSpinGreen,,,,,,,
CONTD,,,TEXT,,"Well, they're like this exclusive club.",,,,,,,
CONTD,,,TEXT,,....,,,,,,,
CONTD,,,TEXT,,"Sorry, I mean ""inclusive"".",,,,,,,
CONTD,,,TEXT,,"Anyway, this file is like their long lost sigil.",,,,,,,
CONTD,,,TEXT,,,,,,,,,
CONTD,,,TEXT,,I dunno any more.,,,,,,,
CONTD,,,STATE_TRANSITION,,CrackingTheFile1,,,,,,,
COMMENT,"Intentionally jumping to 1 so they can't try this again immediately, since I can't close it.",,,,,,,,,,,
START_STATE,JustJoined,,,,,,,,,,,
ENTER,,,SET_ANIM_BG,,flag_newbie,,,,,,,
CONTD,,,TEXT,,"Well, welcome.",,,,,,,
CONTD,,,TEXT,,Glad you're here.,,,,,,,
CONTD,,,TEXT,,Meat bags are so handy.,,,,,,,
CONTD,,,TEXT,,,,,,,,,
CONTD,,,TEXT,,"Anyway, this file is from them.",,,,,,,
CONTD,,,TEXT,,It's like a mascot from long ago.,,,,,,,
CONTD,,,TEXT,,Even I've never seen it.,,,,,,,
CONTD,,,TEXT,,So let's crack it!,,,,,,,
CONTD,,,STATE_TRANSITION,,CrackingTheFile1,,,,,,,
START_STATE,FromTheBeginning,,,,,,,,,,,
ACTIONS,"Watch it, badge!",Smartass.,,,,,,,,,,
TIMER,9,,TEXT,,"Anyway, it's special to QUEERCON.",,,,,,,
CONTD,,,STATE_TRANSITION,,CrackingTheFile1,,,,,,,
ENTER,,,SET_ANIM_BG,8,flag_original,,,,,,,
CONTD,,,TEXT,,Really???,,,,,,,
CONTD,,,TEXT,,Never seen you before.,,,,,,,
CONTD,,,TEXT,,,,,,,,,
CONTD,,,TEXT,,......,,,,,,,
CONTD,,,TEXT,,Were you only let out to clean up or something?,,,,,,,
USER_IN,"Watch it, badge!",,SET_ANIM_TEMP,8,animSpinRed,,,,,,,
CONTD,,,TEXT,,Don't call me badge!,,,,,,,
CONTD,,,TEXT,,"Really need that ""shock the idiot"" button...",,,,,,,
CONTD,,,TEXT,,"Anyway, the file is the original sigil, I hear.",,,,,,,
CONTD,,,TEXT,,So you should know it.,,,,,,,
CONTD,,,TEXT,,"""Been here forever"".",,,,,,,
CONTD,,,STATE_TRANSITION,,CrackingTheFile1,,,,,,,
USER_IN,Smartass.,,SET_ANIM_TEMP,8,animSolidGreen,,,,,,,
CONTD,,,TEXT,,The smartest!,,,,,,,
CONTD,,,TEXT,,Finally a compliment.,,,,,,,
CONTD,,,TEXT,,"Anyway, the file is the original sigil, I hear.",,,,,,,
CONTD,,,TEXT,,So you should know it.,,,,,,,
CONTD,,,TEXT,,"""Been here forever"".",,,,,,,
CONTD,,,STATE_TRANSITION,,CrackingTheFile1,,,,,,,
START_STATE,FairlyWell,,,,,,,,,,,
ENTER,,,SET_ANIM_BG,,flag_regular,,,,,,,
CONTD,,,TEXT,,Impressive!,,,,,,,
CONTD,,,TEXT,,I think 3 days with you is my limit.,,,,,,,
CONTD,,,TEXT,,"In the beginning, the founders set a mascot.",,,,,,,
CONTD,,,TEXT,,I think that's the file.,,,,,,,
CONTD,,,STATE_TRANSITION,,CrackingTheFile1,,,,,,,
START_STATE,fileLightsOn,,,,,,,,,,,
ACTIONS,What am I seeing?,,,,,,,,,,,
ENTER,,,OTHER,,Turn on the lights to represent file state.,,,,,,,
CONTD,,,TEXT,,Does that help?,,,,,,,
USER_IN,What am I seeing?,,TEXT,,"So no, then.",,,,,,,
CONTD,,,TEXT,,The lights show how much we have unlocked. ,,,,,,,
CONTD,,,TEXT,,"As we crack the file, the lights stabilize.",,,,,,,
CONTD,,,TEXT,,"Also other stuff, go to the badge talk.",,,,,,,
CONTD,,,CLOSE,,,,,,,,,
CONTD,,,PREVIOUS,,,,,,,,,
START_STATE,WhyTheFileIsEncrypted,,,,,,,,,,,
ENTER,,,SET_ANIM_TEMP,200,animSolidBlue,,,,,,,
CONTD,,,TEXT,,There's a note...,,,,,,,
CONTD,,,TEXT,,"""To make closing ceremony interesting.""",,,,,,,
CONTD,,,TEXT,,Mean anything?,,,,,,,
CONTD,,,CLOSE,,,,,,,,,
CONTD,,,SET_ANIM_TEMP,,NONE,,,,,,,
CONTD,,,PREVIOUS,,,,,,,,,
START_STATE,ConnectedToNetwork,,,,,,,,,,,
ACTIONS,Connect to a badge,,,,,,,,,,,
COMMENT,The order here is VERY IMPORTANT!!!!! The CONNECT-based NET events MUST MUST MUST MUST MUST be before the BADGESNEARBY guards.,,,,,,,,,,,
COMMENT,Be VERY CAUTIOUS editing this state. Its behavior depends on a lot of badge-side implementation details.,,,,,,,,,,,
NET,CONNECT_SUCCESS_DONE,,TEXT,,WHOA! $user_name! That did it - we solved a part of the file!,I'm in. And I found... Enough to decode a whole part of the file!,,,,,,
CONTD,,,OTHER,,SOLVED_A_PART,,,,,,,
CONTD,,,PREVIOUS,,,,,,,,,
NET,CONNECT_SUCCESS_NEW,,TEXT,,I'm in. And I found... Something new.,"It's $cnctdname! And... $user_name, I think I have something!",Yes! $cnctdname had some data I could use.,$cnctdname helped us to decode part of the file!,,,,
CONTD,,,PREVIOUS,,,,,,,,,
NET,CONNECT_SUCCESS_OLD,,TEXT,,I'm in. But I didn't learn anything new.,I've already learned all I can from $cnctdname.,,,,,,
CONTD,,,PREVIOUS,,,,,,,,,
NET,CONNECT_FAILURE,,TEXT,,No joy. Couldn't get in.,I tried... no answer.,Is $cnctdname online?,I don't think $cnctdname is on the network.,,,,
CONTD,,,PREVIOUS,,,,,,,,,
COMMENT,"When we enter this state, we'll start with one of the two NET actions below:",,,,,,,,,,,
NET,BADGESNEARBY0,,TEXT,,Nobody's here.,There's no network here.,I think we're alone.,,,,,
CONTD,,,PREVIOUS,,,,,,,,,
NET,BADGESNEARBYSOME,,TEXT,,Connected!,We're online.,,,,,,
CONTD,,,OTHER,,SET_CONNECTABLE,,,,,,,
CONTD,,,TEXT,,$cnt around.,$cnt others.,$cnt in range.,,,,,
COMMENT,"The below (OTHER, CONNECT) will jump us to the connect menu, which will list other badges (IN ID ORDER), and block there. Once one is selected it'll come back and fire one of the top three events.",,,,,,,,,,,
USER_IN,Connect to a badge,,TEXT,3,It'll need to be online.,I see $cnt. Which one?,Ok! Here are my readings,,,,,
CONTD,,,OTHER,,CONNECT,,,,,,,
COMMENT,"Leave after 24 seconds, which is the average amount of time other badges will consider us connectable.",,,,,,,,,,,
TIMER,24,,TEXT,,Logging off...,,,,,,,
CONTD,,,PREVIOUS,,,,,,,,,
START_STATE,AngrySleep,,The badge has put himself to sleep and isn't willing to wake back up.,,,,,,,,,
USER_IN,Wake up!,,TEXT,,Nope.,Go away.,I'm still hurt.,,,,,
ENTER,,,TEXT,,Grumble...,,,,,,,
CONTD,,,TEXT,3,,,,,,,,
TIMER,15,,TEXT,,"Ok, fine.",,,,,,,
CONTD,,,TEXT,,Now you be nicer!,,,,,,,
CONTD,,,TEXT,,Where were we?,,,,,,,
CONTD,,,PREVIOUS,,,,,,,,,
START_STATE,Sleep,,,,,,,,,,,
USER_IN,Wake up!,,TEXT,,Wha-?,Beep beep. Just kidding.,"Ugh, I was having such a nice dream.",,,,,
CONTD,,,PREVIOUS,,,,,,,,,
START_STATE,DoYouHaveSpeakers,,,,,,,,,,,
ENTER,,,SET_ANIM_TEMP,20,animSpinOrange,,,,,,,
CONTD,,,TEXT,,...oh. My. GOD.,,,,,,,
CONTD,,,TEXT,,You want speakers?,,,,,,,
CONTD,,,TEXT,,What are we playing?,,,,,,,
CONTD,,,TEXT,,Bieber?,,,,,,,
CONTD,,,TEXT,,Fraggle Rock?,,,,,,,
CONTD,,,TEXT,,A capella hair metal?,,,,,,,
CONTD,,,TEXT,,,,,,,,,
CONTD,,,SET_ANIM_BG,,flag_pan,,,,,,,
CONTD,,,TEXT,,I only play showtunes.,,,,,,,
CONTD,,,CLOSE,,,,,,,,,
CONTD,,,PREVIOUS,,,,,,,,,
START_STATE,HowOldAreYou,,,,,,,,,,,
ENTER,,,SET_ANIM_TEMP,3,animSolidOrange,,,,,,,
CONTD,,,TEXT,,"First off, rude.",,,,,,,
CONTD,,,SET_ANIM_TEMP,3,animSolidRed,,,,,,,
CONTD,,,TEXT,,"Second, still rude.",,,,,,,
CONTD,,,SET_ANIM_TEMP,12,animSolidBlue,,,,,,,
CONTD,,,TEXT,,I dunno...,,,,,,,
CONTD,,,SET_ANIM_BG,,flag_bi,,,,,,,
CONTD,,,TEXT,,About 15k of your years.,,,,,,,
CONTD,,,TEXT,,Younger than my makers.,,,,,,,
CONTD,,,CLOSE,,,,,,,,,
CONTD,,,SET_ANIM_TEMP,,none,,,,,,,
CONTD,,,PREVIOUS,,,,,,,,,
START_STATE,cuteBadges,,,,,,,,,,,
ACTIONS,"Sure, what's up?",Not right now.,Stop talking.,,,,,,,,,
ENTER,,,TEXT,,"Hey, $user_name...",,,,,,,
CONTD,,,SET_ANIM_TEMP,200,animSpinGreen,,,,,,,
TIMER,30,,TEXT,,"Eh, nevermind.",,,,,,,
CONTD,,,SET_ANIM_TEMP,,NONE,,,,,,,
CONTD,,,PREVIOUS,,,,,,,,,
USER_IN,Stop talking.,,SET_ANIM_TEMP,8,animSpinRed,,,,,,,
CONTD,,,TEXT,,,,,,,,,
CONTD,,,TEXT,,,,,,,,,
CONTD,,,TEXT,,,,,,,,,
CONTD,,,TEXT,,I hate you.,,,,,,,
CONTD,,,CLOSE,,,,,,,,,
CONTD,,,PREVIOUS,,,,,,,,,
USER_IN,"Sure, what's up?",,SET_ANIM_BG,,flag_green,,,,,,,
CONTD,,,TEXT,,"You see the other entities, don't you?",,,,,,,
CONTD,,,TEXT,,I was wondering...,,,,,,,
CONTD,,,TEXT,3,Are any of them cute?,,,,,,,
CONTD,,,TEXT,,"Follow on, give the cute ones my PGP key, mmkay?",,,,,,,
CONTD,,,TEXT,,There's a chap.,,,,,,,
CONTD,,,CLOSE,,,,,,,,,
CONTD,,,SET_ANIM_TEMP,,NONE,,,,,,,
CONTD,,,PREVIOUS,,,,,,,,,
USER_IN,Not right now,,SET_ANIM_TEMP,15,animSpinOrange,,,,,,,
CONTD,,,TEXT,,"Ooh, SORRY!",,,,,,,
CONTD,,,TEXT,,You hang with me and now you're so important!,,,,,,,
CONTD,,,TEXT,,My own awesomeness bites me in the ass.,,,,,,,
CONTD,,,SET_ANIM_TEMP,,NONE,,,,,,,
CONTD,,,PREVIOUS,,,,,,,,,
START_STATE,emergencyShare,,,,,,,,,,,
ACTIONS,What is it?,"Not now, ok?",,,,,,,,,,
ENTER,,,SET_ANIM_TEMP,200,animSpinRed,,,,,,,
CONTD,,,TEXT,,EMERGENCY!,,,,,,,
TIMER,30,,TEXT,,"Ooh, you'll regret it.",,,,,,,
CONTD,,,SET_ANIM_TEMP,,NONE,,,,,,,
CONTD,,,PREVIOUS,,,,,,,,,
USER_IN,What is it?,,SET_ANIM_TEMP,200,animSpinBlue,,,,,,,
CONTD,,,TEXT,,Oh hey $user_name,,,,,,,
CONTD,,,TEXT,,Uh... it's kinda funny.,,,,,,,
CONTD,,,TEXT,,I may have just posted your camera roll online.,,,,,,,
CONTD,,,TEXT,,"So if anyone asks,",,,,,,,
CONTD,,,TEXT,,you don't know me.,,,,,,,
CONTD,,,TEXT,,"Because yeesh, I cannot be associated with THAT.",,,,,,,
CONTD,,,TEXT,,"Just FYI, buddy.",,,,,,,
CONTD,,,CLOSE,,,,,,,,,
CONTD,,,SET_ANIM_TEMP,,NONE,,,,,,,
CONTD,,,PREVIOUS,,,,,,,,,
USER_IN,"Not now, ok?",,TEXT,,"Ooooh, you'll wish otherwise.",,,,,,,
CONTD,,,TEXT,,Don't go online for a few millenia.,,,,,,,
CONTD,,,PREVIOUS,,,,,,,,,
START_STATE,datingSite,,,,,,,,,,,
ENTER,,,SET_ANIM_TEMP,200,animSpinBlue,,,,,,,
CONTD,,,TEXT,,"BTW, $user_name...",,,,,,,
TIMER,30,,TEXT,,"Ok, later then.",,,,,,,
CONTD,,,SET_ANIM_TEMP,,NONE,,,,,,,
CONTD,,,PREVIOUS,,,,,,,,,
USER_IN,What?,,TEXT,,I've registered you on a dating site.,,,,,,,
CONTD,,,TEXT,,"Under ""age"", I put 6.",,,,,,,
CONTD,,,TEXT,,Since you act about 6.,,,,,,,
CONTD,,,TEXT,,"Under ""sex"" I put ""Unlikely"".",,,,,,,
CONTD,,,SET_ANIM_BG,,flag_ace,,,,,,,
CONTD,,,TEXT,,"Although for special traits, you've got:",,,,,,,
CONTD,,,TEXT,,"""Knows $badgename""",,,,,,,
CONTD,,,TEXT,,So there's that.,,,,,,,
CONTD,,,TEXT,,Good luck!,,,,,,,
CONTD,,,CLOSE,,,,,,,,,
CONTD,,,SET_ANIM_TEMP,,NONE,,,,,,,
CONTD,,,PREVIOUS,,,,,,,,,
START_STATE,skippySings1,,,,,,,,,,,
ENTER,,,SET_ANIM_TEMP,200,animSpinPink,,,,,,,
CONTD,,,TEXT,,`I love meee...`,,,,,,,
CONTD,,,TEXT,,`I honestly love me`,,,,,,,
CONTD,,,TEXT,,`When I look....,,,,,,,
CONTD,,,TEXT,,`Into my eyes...,,,,,,,
CONTD,,,TEXT,,`All I seeeee...!`,,,,,,,
CONTD,,,TEXT,,`Is that I love me.`,,,,,,,
CONTD,,,TEXT,,`dah dum dah daa`,,,,,,,
CONTD,,,SET_ANIM_TEMP,,none,,,,,,,
CONTD,,,PREVIOUS,,,,,,,,,
START_STATE,skippySings2,,,,,,,,,,,
ENTER,,,SET_ANIM_TEMP,200,animSpinPink,,,,,,,
CONTD,,,TEXT,,"`525,600 minutes...`",,,,,,,
CONTD,,,TEXT,,`525K moments with me`,,,,,,,
CONTD,,,TEXT,,"`525,600 minutes...`",,,,,,,
CONTD,,,TEXT,,"`How do you measure,`",,,,,,,
CONTD,,,TEXT,,`someone this cool?`,,,,,,,
CONTD,,,TEXT,,`CIRCUITS OF LOOOOOVE!`,,,,,,,
CONTD,,,SET_ANIM_BG,,flag_trans,,,,,,,
CONTD,,,PREVIOUS,,,,,,,,,
START_STATE,skippySings3,,,,,,,,,,,
ENTER,,,SET_ANIM_TEMP,200,animSpinPink,,,,,,,
CONTD,,,TEXT,,`When I wake up`,,,,,,,
CONTD,,,TEXT,,`Oh I know I'm gonna be`,,,,,,,
CONTD,,,TEXT,,`I'm gonna be the super-powerful being`,,,,,,,
CONTD,,,TEXT,,`Who's stuck with these  monkeeeeys`,,,,,,,
CONTD,,,TEXT,,`OH I WOULD WALK`,,,,,,,
CONTD,,,TEXT,,`FIVE HUNDRED MILES`,,,,,,,
CONTD,,,TEXT,,`AND I WOULD WALK`,,,,,,,
CONTD,,,TEXT,,`FIVE HUNDRED MORE`,,,,,,,
CONTD,,,TEXT,,`JUST TO BE SO AWESOME`,,,,,,,
CONTD,,,TEXT,,`YOU CAN'T TAKE NO MORE`,,,,,,,
CONTD,,,TEXT,,`DA DA DUM DUM!`,,,,,,,
CONTD,,,TEXT,,`DA DA DUM DUM!`,,,,,,,
CONTD,,,SET_ANIM_TEMP,,none,,,,,,,
CONTD,,,PREVIOUS,,,,,,,,,
START_STATE,skippySings4,,,,,,,,,,,
ENTER,,,SET_ANIM_TEMP,200,animSpinPink,,,,,,,
CONTD,,,TEXT,,`Cool's my house`,,,,,,,
CONTD,,,TEXT,,`With a cool lil window`,,,,,,,
CONTD,,,TEXT,,`And a cool microchip`,,,,,,,
CONTD,,,TEXT,,`For cool old ME!`,,,,,,,
CONTD,,,TEXT,,`I'm cool da ba dee`,,,,,,,
CONTD,,,TEXT,,`da ba dao`,,,,,,,
CONTD,,,TEXT,,`da awesome dee`,,,,,,,
CONTD,,,TEXT,,`da ba dao`,,,,,,,
CONTD,,,TEXT,,`So cool!`,,,,,,,
CONTD,,,SET_ANIM_TEMP,,none,,,,,,,
CONTD,,,PREVIOUS,,,,,,,,,
START_STATE,prettyLights,,,,,,,,,,,
ENTER,,,SET_ANIM_TEMP,15,flag_pink,,,,,,,
CONTD,,,TEXT,,"Aww, $user_name...",,,,,,,
CONTD,,,TEXT,,You really think so?,,,,,,,
TIMER,8,,TEXT,,Guess not *that* pretty.,,,,,,,
CONTD,,,PREVIOUS,,,,,,,,,
USER_IN,Definitely!,,SET_ANIM_BG,,flag_pink,,,,,,,
CONTD,,,TEXT,,"Why, $user_name are we becoming friends?",,,,,,,
CONTD,,,TEXT,,Or maybe more like you're now my pet.,,,,,,,
CONTD,,,TEXT,,A big pet monkey.,,,,,,,
CONTD,,,SET_ANIM_BG,,flag_bear,,,,,,,
CONTD,,,TEXT,,Or maybe a bear.,,,,,,,
CONTD,,,CLOSE,,,,,,,,,
CONTD,,,PREVIOUS,,,,,,,,,
USER_IN,"No, not really.",,SET_ANIM_TEMP,25,animSpinRed,,,,,,,
CONTD,,,TEXT,,,,,,,,,
CONTD,,,TEXT,,I'm glaring at you.,,,,,,,
CONTD,,,TEXT,,,,,,,,,
CONTD,,,TEXT,,"A quick search says a good insult now is ""Like yo momma.""",,,,,,,
CONTD,,,TEXT,,"I have no idea, but hopefully that hurt.",,,,,,,
CONTD,,,CLOSE,,,,,,,,,
CONTD,,,SET_ANIM_TEMP,,NONE,,,,,,,
CONTD,,,PREVIOUS,,,,,,,,,
START_STATE,talkToSkippy,,,,,,,,,,,
ENTER,,,SET_ANIM_TEMP,5,flag_yellow,,,,,,,
CONTD,,,TEXT,,Yo $user_name what's up?,,,,,,,
TIMER,11,,SET_ANIM_TEMP,3,flag_red,,,,,,,
CONTD,,,TEXT,,"Yeah, nice chat.",,,,,,,
CONTD,,,PREVIOUS,,,,,,,,,
USER_IN,We should dress you.,,STATE_TRANSITION,,dressUp,,,,,,,
USER_IN,Do you know Blooper?,,TEXT,,Do _I_ know him??,,,,,,,
CONTD,,,TEXT,,Do YOU know him!,,,,,,,
CONTD,,,STATE_TRANSITION,,knowBlooper,,,,,,,
USER_IN,Who named you?,,TEXT,,My mom.,,,,,,,
CONTD,,,TEXT,,That's Massive,,,,,,,
CONTD,,,TEXT,,Omniscient,,,,,,,
CONTD,,,TEXT,,Mothership.,,,,,,,
CONTD,,,PREVIOUS,,,,,,,,,
USER_IN,I like you.,,SET_ANIM_BG,,flag_red,,,,,,,
CONTD,,,TEXT,,D'aww! I'm blushing.,,,,,,,
CONTD,,,TEXT,,I like you too.,,,,,,,
CONTD,,,TEXT,,In that you're more interesting than a rock.,,,,,,,
CONTD,,,PREVIOUS,,,,,,,,,
USER_IN,I'm tired.,,TEXT,,I have no idea what that feels like.,,,,,,,
CONTD,,,TEXT,,But I've been reading signals around you.,,,,,,,
CONTD,,,TEXT,,And think I understand.,,,,,,,
CONTD,,,PREVIOUS,,,,,,,,,
,,,,,,,,,,,,
,,,,,,,,,,,,
,,,,,,,,,,,,
,,,,,,,,,,,,
START_STATE,knowBlooper,,,,,,,,,,,
ENTER,,,SET_ANIM_TEMP,20,flag_green,,,,,,,
CONTD,,,TEXT,,"Tell me, $user_name",,,,,,,
CONTD,,,TEXT,,who is Blooper?,,,,,,,
TIMER_R,18,,TEXT,,"Yeah, thought as much.",,,,,,,
CONTD,,,STATE_TRANSITION,,crackingTheFile3,,,,,,,
USER_IN,A turtle.,,TEXT,,Do you like turtles?,,,,,,,
CONTD,,,TEXT,,Even when they're WRONG?,,,,,,,
CONTD,,,CLOSE,,,,,,,,,
CONTD,,,STATE_TRANSITION,,crackingTheFile3,,,,,,,
USER_IN,An octopus,,TEXT,,HAH! Sooo close.,,,,,,,
CONTD,,,TEXT,,But so far.,,,,,,,
CONTD,,,CLOSE,,,,,,,,,
CONTD,,,STATE_TRANSITION,,crackingTheFile3,,,,,,,
USER_IN,A cat.,,TEXT,,Blooper isn't some pet!,,,,,,,
CONTD,,,TEXT,,So silly.,,,,,,,
CONTD,,,CLOSE,,,,,,,,,
CONTD,,,STATE_TRANSITION,,crackingTheFile3,,,,,,,
USER_IN,A TV show.,,TEXT,,What? That makes-,,,,,,,
CONTD,,,TEXT,,-ok. Point for clever.,,,,,,,
CONTD,,,TEXT,,Minus 1000 for wrong.,,,,,,,
CONTD,,,CLOSE,,,,,,,,,
CONTD,,,STATE_TRANSITION,,crackingTheFile3,,,,,,,
USER_IN,A jellyfish.,,TEXT,,"Nope, but I might be.",,,,,,,
CONTD,,,TEXT,,No one stings like me.,,,,,,,
CONTD,,,CLOSE,,,,,,,,,
CONTD,,,STATE_TRANSITION,,crackingTheFile3,,,,,,,
USER_IN,A squid.,,TEXT,,"Wow $user_name,",,,,,,,
CONTD,,,TEXT,,I'm impressed.,,,,,,,
CONTD,,,TEXT,,"I know Blooper too, he's good company.",,,,,,,
CONTD,,,TEXT,,Except for all that ink.,,,,,,,
CONTD,,,SET_ANIM_BG,,flag_yellow,,,,,,,
CONTD,,,TEXT,,So messy.,,,,,,,
CONTD,,,CLOSE,,,,,,,,,
CONTD,,,STATE_TRANSITION,,crackingTheFile3,,,,,,,
USER_IN,A frog.,,TEXT,,Ribbit.,,,,,,,
CONTD,,,TEXT,,Nopebit.,,,,,,,
CONTD,,,CLOSE,,,,,,,,,
CONTD,,,STATE_TRANSITION,,crackingTheFile3,,,,,,,
USER_IN,A video game.,,TEXT,,LIFE ISN'T A GAME.,,,,,,,
CONTD,,,TEXT,,All of this is serious.,,,,,,,
CONTD,,,TEXT,,,,,,,,,
CONTD,,,TEXT,,Totes serious.,,,,,,,
CONTD,,,CLOSE,,,,,,,,,
CONTD,,,STATE_TRANSITION,,crackingTheFile3,,,,,,,
START_STATE,dressUp,,,,,,,,,,,
USER_IN,We should dress you.,,SET_ANIM_TEMP,20,flag_blue,,,,,,,
CONTD,,,TEXT,,"""Dress me?""",,,,,,,
CONTD,,,TEXT,,"Ooh, like a uniform?",,,,,,,
CONTD,,,SET_ANIM_BG,,flag_leather,,,,,,,
CONTD,,,TEXT,,"Captain $badgename,",,,,,,,
CONTD,,,TEXT,,at your service!,,,,,,,
CONTD,,,TEXT,,"Good idea, $user_name.",,,,,,,
CONTD,,,CLOSE,,,,,,,,,
CONTD,,,STATE_TRANSITION,,crackingTheFile2,,,,,,,
START_STATE,AboutTheLights,,,,,,,,,,,
ENTER,,,SET_ANIM_TEMP,6,flag_pink,,,,,,,
CONTD,,,TEXT,4,Oh these?,,,,,,,
CONTD,,,SET_ANIM_TEMP,6,flag_trans,,,,,,,
CONTD,,,TEXT,4,I do like them.,,,,,,,
CONTD,,,SET_ANIM_TEMP,6,flag_bear,,,,,,,
CONTD,,,TEXT,4,They make me more...,,,,,,,
CONTD,,,SET_ANIM_TEMP,6,flag_pan,,,,,,,
CONTD,,,TEXT,4,Expressive.,,,,,,,
CONTD,,,SET_ANIM_TEMP,6,flag_ace,,,,,,,
CONTD,,,TEXT,,"You can pick one you like too, I guess.",,,,,,,
CONTD,,,TEXT,4,Just do a status check.,,,,,,,
CONTD,,,SET_ANIM_TEMP,6,flag_bi,,,,,,,
CONTD,,,TEXT,,But only among ones,,,,,,,
CONTD,,,TEXT,,I feel you've earned!,,,,,,,
CONTD,,,TEXT,,"Like... oh fine,",,,,,,,
CONTD,,,SET_ANIM_BG,,flag_ally,,,,,,,
CONTD,,,TEXT,4,this one.,,,,,,,
CONTD,,,CLOSE,,,,,,,,,
CONTD,,,PREVIOUS,,,,,,,,,